,movidID,title,price,publisher,category,actor,audience_rating,brand,director,feature,genre,release_date
0,310263662,The Passion of the Christ,10.14,Zondervan,DVD,,,Provident Distribution Group,,,Performing Arts,8/31/04
1,767002652,Upstairs Downstairs - The Premiere Season [VHS],9.99,A&E Home Video,Video,Pauline Collins,NR (Not Rated),,Bill Bain,,,1/15/98
2,076780192X,Close Encounters of the Third Kind (Widescreen Edition) [VHS],8.49,Sony Pictures Home E,Video,Richard Dreyfuss,PG (Parental Guidance Suggested),,Steven Spielberg,,,8/29/00
3,767802470,Das Boot - The Director's Cut,9.99,Sony Pictures Home Entertainment,DVD,Herbert Gronemeyer,R (Restricted),Columbia/Tristar Studios,Wolfgang Petersen,Factory sealed DVD,Drama,12/9/97
4,767802519,Das Boot - The Director's Cut,9.99,Sony Pictures Home Entertainment,DVD,Herbert Gronemeyer,R (Restricted),Columbia/Tristar Studios,Wolfgang Petersen,Factory sealed DVD,Drama,12/9/97
5,767802624,Men in Black (Collector's Series),1.98,Sony Pictures Home Entertainment,DVD,Linda Fiorentino,PG-13 (Parents Strongly Cautioned),Sony,Barry Sonnenfeld,,,1/1/02
6,767802659,Men in Black (Collector's Series),1.98,Sony Pictures Home Entertainment,DVD,Linda Fiorentino,PG-13 (Parents Strongly Cautioned),Sony,Barry Sonnenfeld,,,1/1/02
7,767805267,Fifth Element [VHS],4.75,Sony Pictures,Video,Bruce Willis,PG-13 (Parents Strongly Cautioned),Columbia Pictures,Luc Besson,,,4/28/98
8,767811100,Fifth Element [VHS],4.75,Sony Pictures,Video,Bruce Willis,PG-13 (Parents Strongly Cautioned),Columbia Pictures,Luc Besson,,,4/28/98
9,767824571,Monty Python and the Holy Grail,14.1,Sony Pictures,DVD,Graham Chapman,PG (Parental Guidance Suggested),,Terry Gilliam,,,9/7/99
10,767830520,Monty Python and the Holy Grail,14.1,Sony Pictures,DVD,Graham Chapman,PG (Parental Guidance Suggested),,Terry Gilliam,,,9/7/99
11,767834739,Resident Evil: Apocalypse (Special Edition),7.99,Sony Pictures Home Entertainment,DVD,Milla Jovovich,R (Restricted),Sony,Alaxander Witt,Factory sealed DVD,,12/28/04
12,767849493,Dogma [VHS],12.2,Sony Pictures,Video,Ben Affleck,R (Restricted),,Kevin Smith,Dogma [VHS],,10/24/00
13,780020685,Seven Samurai (Criterion Collection Spine #2),54.94,,DVD,,Unrated (Not Rated),,,,Drama,
14,780022300,Seven Samurai (Criterion Collection Spine #2),54.94,,DVD,,Unrated (Not Rated),,,,Drama,
15,780618556,Seven Samurai (Criterion Collection Spine #2),54.94,,DVD,,Unrated (Not Rated),,,,Drama,
16,780619412,Seven Samurai (Criterion Collection Spine #2),54.94,,DVD,,Unrated (Not Rated),,,,Drama,
17,780622545,Seven Samurai (Criterion Collection Spine #2),54.94,,DVD,,Unrated (Not Rated),,,,Drama,
18,780623134,Seven Samurai (Criterion Collection Spine #2),54.94,,DVD,,Unrated (Not Rated),,,,Drama,
19,780625129,Seven Samurai (Criterion Collection Spine #2),54.94,,DVD,,Unrated (Not Rated),,,,Drama,
20,078062565X,Seven Samurai (Criterion Collection Spine #2),54.94,,DVD,,Unrated (Not Rated),,,,Drama,
21,780628799,Seven Samurai (Criterion Collection Spine #2),54.94,,DVD,,Unrated (Not Rated),,,,Drama,
22,780631153,Seven Samurai (Criterion Collection Spine #2),54.94,,DVD,,Unrated (Not Rated),,,,Drama,
23,782002064,Seven Samurai (Criterion Collection Spine #2),54.94,,DVD,,Unrated (Not Rated),,,,Drama,
24,783211856,Seven Samurai (Criterion Collection Spine #2),54.94,,DVD,,Unrated (Not Rated),,,,Drama,
25,783216084,Seven Samurai (Criterion Collection Spine #2),54.94,,DVD,,Unrated (Not Rated),,,,Drama,
26,783219695,Apollo 13 (Widescreen 2-Disc Anniversary Edition),2.55,Universal Studios Home Entertainment,DVD,Tom Hanks,PG (Parental Guidance Suggested),Apollo,Ron Howard,,Science Fiction,3/29/05
27,783221088,Vertigo (Widescreen Edition) [VHS],6.99,Universal Studios,Video,James Stewart,PG (Parental Guidance Suggested),,,,,3/25/97
28,783221487,Vertigo (Widescreen Edition) [VHS],6.99,Universal Studios,Video,James Stewart,PG (Parental Guidance Suggested),,,,,3/25/97
29,783222734,Jurassic Park (Widescreen Edition) [VHS],21.95,Universal Studios,Video,Sam Neill,PG-13 (Parents Strongly Cautioned),,Steven Spielberg,,,9/9/97
30,783222955,To Kill a Mockingbird (Widescreen) [VHS],1.73,Universal Studios,Video,Gregory Peck,NR (Not Rated),Universal International Home Video,Robert Mulligan,American Racism,,2/24/98
31,783225199,To Kill a Mockingbird (Widescreen) [VHS],1.73,Universal Studios,Video,Gregory Peck,NR (Not Rated),Universal International Home Video,Robert Mulligan,American Racism,,2/24/98
32,783225792,Casino,14.55,Universal Studios Home Entertainment,DVD,Robert De Niro,R (Restricted),,Martin Scorsese,,,2/24/98
33,783225849,Casino,14.55,Universal Studios Home Entertainment,DVD,Robert De Niro,R (Restricted),,Martin Scorsese,,,2/24/98
34,783225970,Scarface (Collector's Edition),27.49,Universal Studios Home Entertainment,DVD,Al Pacino,R (Restricted),,Brian De Palma,,,3/31/98
35,078322687X,Scarface (Collector's Edition),27.49,Universal Studios Home Entertainment,DVD,Al Pacino,R (Restricted),,Brian De Palma,,,3/31/98
36,783227434,Scarface (Collector's Edition),27.49,Universal Studios Home Entertainment,DVD,Al Pacino,R (Restricted),,Brian De Palma,,,3/31/98
37,783227507,Scarface (Collector's Edition),27.49,Universal Studios Home Entertainment,DVD,Al Pacino,R (Restricted),,Brian De Palma,,,3/31/98
38,783228015,Scarface (Collector's Edition),27.49,Universal Studios Home Entertainment,DVD,Al Pacino,R (Restricted),,Brian De Palma,,,3/31/98
39,783235666,The Birds (The Alfred Hitchcock Collection) [VHS],4.89,Universal Studios,Video,Rod Taylor,PG-13 (Parents Strongly Cautioned),,Alfred Hitchcock,"370 trick shots, 32 separate shots in the final scene",,8/3/99
40,783239408,Belleza Americana  (American Beauty) [VHS],,Paramount Home Video,Video,Kevin Spacey,R (Restricted),,Sam Mendes,,,5/9/00
41,783241038,Belleza Americana  (American Beauty) [VHS],,Paramount Home Video,Video,Kevin Spacey,R (Restricted),,Sam Mendes,,,5/9/00
42,783241542,American Pie - Rated Edition (Special Edition) [VHS],1.4,Universal Pictures,Video,Jason Biggs,R (Restricted),,Chris Weitz,,,5/16/00
43,783243499,American Psycho [VHS],3.47,Universal Studios Ho,Video,Christian Bale,Unrated (Not Rated),,Mary Harron,,,1/16/01
44,784010188,Terminator 2: Judgment Day,11.49,Live / Artisan,DVD,Arnold Schwarzenegger,R (Restricted),,James Cameron,,,10/22/97
45,784010218,Terminator 2: Judgment Day,11.49,Live / Artisan,DVD,Arnold Schwarzenegger,R (Restricted),,James Cameron,,,10/22/97
46,784010315,Terminator 2: Judgment Day,11.49,Live / Artisan,DVD,Arnold Schwarzenegger,R (Restricted),,James Cameron,,,10/22/97
47,784011796,Pi [VHS],4.95,Live / Artisan,Video,Sean Gullette,R (Restricted),,Darren Aronofsky,,,3/15/00
48,784011923,Pi [VHS],4.95,Live / Artisan,Video,Sean Gullette,R (Restricted),,Darren Aronofsky,,,3/15/00
49,788802194,Pi [VHS],4.95,Live / Artisan,Video,Sean Gullette,R (Restricted),,Darren Aronofsky,,,3/15/00
50,078881172X,Pi [VHS],4.95,Live / Artisan,Video,Sean Gullette,R (Restricted),,Darren Aronofsky,,,3/15/00
51,788812408,The Little Mermaid (Fully Restored Special Edition) [VHS],2.93,Walt Disney Home Video,Video,Jodi Benson,G (General Audience),Disney,John Musker,Fully Restored Special Edition,Kids & Family,3/31/98
52,788812807,The Little Mermaid (Fully Restored Special Edition) [VHS],2.93,Walt Disney Home Video,Video,Jodi Benson,G (General Audience),Disney,John Musker,Fully Restored Special Edition,Kids & Family,3/31/98
53,788814664,The Little Mermaid (Fully Restored Special Edition) [VHS],2.93,Walt Disney Home Video,Video,Jodi Benson,G (General Audience),Disney,John Musker,Fully Restored Special Edition,Kids & Family,3/31/98
54,788821075,Pretty Woman [VHS],3.99,Walt Disney Video,Video,Richard Gere,R (Restricted),,Garry Marshall,Mulitiple Julia Roberts movies all in great condition,,2/1/00
55,788828126,Pretty Woman [VHS],3.99,Walt Disney Video,Video,Richard Gere,R (Restricted),,Garry Marshall,Mulitiple Julia Roberts movies all in great condition,,2/1/00
56,078886047X,Pretty Woman [VHS],3.99,Walt Disney Video,Video,Richard Gere,R (Restricted),,Garry Marshall,Mulitiple Julia Roberts movies all in great condition,,2/1/00
57,788860704,Pretty Woman [VHS],3.99,Walt Disney Video,Video,Richard Gere,R (Restricted),,Garry Marshall,Mulitiple Julia Roberts movies all in great condition,,2/1/00
58,788882988,Pretty Woman [VHS],3.99,Walt Disney Video,Video,Richard Gere,R (Restricted),,Garry Marshall,Mulitiple Julia Roberts movies all in great condition,,2/1/00
59,790701022,A Clockwork Orange,7.44,Warner Studios,DVD,,,,,,Music Videos & Concerts,
60,790701251,A Clockwork Orange,7.44,Warner Studios,DVD,,,,,,Music Videos & Concerts,
61,790705141,A Clockwork Orange,7.44,Warner Studios,DVD,,,,,,Music Videos & Concerts,
62,079070546X,A Clockwork Orange,7.44,Warner Studios,DVD,,,,,,Music Videos & Concerts,
63,790729385,A Clockwork Orange,7.44,Warner Studios,DVD,,,,,,Music Videos & Concerts,
64,790729628,A Clockwork Orange,7.44,Warner Studios,DVD,,,,,,Music Videos & Concerts,
65,790729636,A Clockwork Orange,7.44,Warner Studios,DVD,,,,,,Music Videos & Concerts,
66,790729644,A Clockwork Orange,7.44,Warner Studios,DVD,,,,,,Music Videos & Concerts,
67,790729652,A Clockwork Orange,7.44,Warner Studios,DVD,,,,,,Music Videos & Concerts,
68,790729687,A Clockwork Orange,7.44,Warner Studios,DVD,,,,,,Music Videos & Concerts,
69,790729725,A Clockwork Orange,7.44,Warner Studios,DVD,,,,,,Music Videos & Concerts,
70,790729733,JFK - Special Edition Director's Cut,10.94,Warner Home Video,DVD,Kevin Costner,R (Restricted),Warner Manufacturing,Oliver Stone,,,4/8/97
71,790729989,JFK - Special Edition Director's Cut,10.94,Warner Home Video,DVD,Kevin Costner,R (Restricted),Warner Manufacturing,Oliver Stone,,,4/8/97
72,790730960,JFK - Special Edition Director's Cut,10.94,Warner Home Video,DVD,Kevin Costner,R (Restricted),Warner Manufacturing,Oliver Stone,,,4/8/97
73,790731479,JFK - Special Edition Director's Cut,10.94,Warner Home Video,DVD,Kevin Costner,R (Restricted),Warner Manufacturing,Oliver Stone,,,4/8/97
74,790731487,Blazing Saddles,14.85,Warner Home Video,DVD,Cleavon Little,R (Restricted),,Mel Brooks,,,6/25/97
75,790732181,Blazing Saddles,14.85,Warner Home Video,DVD,Cleavon Little,R (Restricted),,Mel Brooks,,,6/25/97
76,790732475,Blazing Saddles,14.85,Warner Home Video,DVD,Cleavon Little,R (Restricted),,Mel Brooks,,,6/25/97
77,790733226,Blazing Saddles,14.85,Warner Home Video,DVD,Cleavon Little,R (Restricted),,Mel Brooks,,,6/25/97
78,790733897,Blazing Saddles,14.85,Warner Home Video,DVD,Cleavon Little,R (Restricted),,Mel Brooks,,,6/25/97
79,790734060,Blazing Saddles,14.85,Warner Home Video,DVD,Cleavon Little,R (Restricted),,Mel Brooks,,,6/25/97
80,790734680,Blazing Saddles,14.85,Warner Home Video,DVD,Cleavon Little,R (Restricted),,Mel Brooks,,,6/25/97
81,790734850,Blazing Saddles,14.85,Warner Home Video,DVD,Cleavon Little,R (Restricted),,Mel Brooks,,,6/25/97
82,790736039,Blazing Saddles,14.85,Warner Home Video,DVD,Cleavon Little,R (Restricted),,Mel Brooks,,,6/25/97
83,790736918,The Searchers [VHS],3.99,Warner Home Video,Video,John Wayne,NR (Not Rated),Warner Home Video,John Ford,,,9/22/98
84,790738074,The Searchers [VHS],3.99,Warner Home Video,Video,John Wayne,NR (Not Rated),Warner Home Video,John Ford,,,9/22/98
85,790741105,The Searchers [VHS],3.99,Warner Home Video,Video,John Wayne,NR (Not Rated),Warner Home Video,John Ford,,,9/22/98
86,790743132,The Searchers [VHS],3.99,Warner Home Video,Video,John Wayne,NR (Not Rated),Warner Home Video,John Ford,,,9/22/98
87,790743213,The Searchers [VHS],3.99,Warner Home Video,Video,John Wayne,NR (Not Rated),Warner Home Video,John Ford,,,9/22/98
88,790743507,The Searchers [VHS],3.99,Warner Home Video,Video,John Wayne,NR (Not Rated),Warner Home Video,John Ford,,,9/22/98
89,790743949,The Searchers [VHS],3.99,Warner Home Video,Video,John Wayne,NR (Not Rated),Warner Home Video,John Ford,,,9/22/98
90,079074404X,The Searchers [VHS],3.99,Warner Home Video,Video,John Wayne,NR (Not Rated),Warner Home Video,John Ford,,,9/22/98
91,790745399,The Matrix,5.46,Warner Home Video,Video,Keanu Reeves,R (Restricted),,Andy Wachowski,,,9/21/99
92,079074841X,The Matrix,5.46,Warner Home Video,Video,Keanu Reeves,R (Restricted),,Andy Wachowski,,,9/21/99
93,792101324,The Matrix,5.46,Warner Home Video,Video,Keanu Reeves,R (Restricted),,Andy Wachowski,,,9/21/99
94,792101448,The Matrix,5.46,Warner Home Video,Video,Keanu Reeves,R (Restricted),,Andy Wachowski,,,9/21/99
95,792102320,In Harm's Way [VHS],3.25,Warner Home Video,Video,John Wayne,NR (Not Rated),Warner Manufacturing,Otto Preminger,,,10/22/96
96,079213690X,In Harm's Way [VHS],3.25,Warner Home Video,Video,John Wayne,NR (Not Rated),Warner Manufacturing,Otto Preminger,,,10/22/96
97,792140923,Forrest Gump [VHS],8.81,Paramount,Video,Tom Hanks,PG-13 (Parents Strongly Cautioned),,Robert Zemeckis,,,9/10/96
98,792148061,Forrest Gump [VHS],8.81,Paramount,Video,Tom Hanks,PG-13 (Parents Strongly Cautioned),,Robert Zemeckis,,,9/10/96
99,792151712,Forrest Gump [VHS],8.81,Paramount,Video,Tom Hanks,PG-13 (Parents Strongly Cautioned),,Robert Zemeckis,,,9/10/96
100,792154649,Forrest Gump [VHS],8.81,Paramount,Video,Tom Hanks,PG-13 (Parents Strongly Cautioned),,Robert Zemeckis,,,9/10/96
101,792158288,Forrest Gump [VHS],8.81,Paramount,Video,Tom Hanks,PG-13 (Parents Strongly Cautioned),,Robert Zemeckis,,,9/10/96
102,792164903,Forrest Gump [VHS],8.81,Paramount,Video,Tom Hanks,PG-13 (Parents Strongly Cautioned),,Robert Zemeckis,,,9/10/96
103,792165020,Forrest Gump [VHS],8.81,Paramount,Video,Tom Hanks,PG-13 (Parents Strongly Cautioned),,Robert Zemeckis,,,9/10/96
104,792833171,Forrest Gump [VHS],8.81,Paramount,Video,Tom Hanks,PG-13 (Parents Strongly Cautioned),,Robert Zemeckis,,,9/10/96
105,792833201,Forrest Gump [VHS],8.81,Paramount,Video,Tom Hanks,PG-13 (Parents Strongly Cautioned),,Robert Zemeckis,,,9/10/96
106,792837614,Forrest Gump [VHS],8.81,Paramount,Video,Tom Hanks,PG-13 (Parents Strongly Cautioned),,Robert Zemeckis,,,9/10/96
107,792837797,Red Dawn [VHS],5.53,MGM (Video & DVD),Video,Patrick Swayze,PG-13 (Parents Strongly Cautioned),,John Milius,,,1/13/98
108,792838408,Red Dawn [VHS],5.53,MGM (Video & DVD),Video,Patrick Swayze,PG-13 (Parents Strongly Cautioned),,John Milius,,,1/13/98
109,792838955,Red Dawn [VHS],5.53,MGM (Video & DVD),Video,Patrick Swayze,PG-13 (Parents Strongly Cautioned),,John Milius,,,1/13/98
110,792839129,Red Dawn [VHS],5.53,MGM (Video & DVD),Video,Patrick Swayze,PG-13 (Parents Strongly Cautioned),,John Milius,,,1/13/98
111,792839676,Red Dawn [VHS],5.53,MGM (Video & DVD),Video,Patrick Swayze,PG-13 (Parents Strongly Cautioned),,John Milius,,,1/13/98
112,792839692,Red Dawn [VHS],5.53,MGM (Video & DVD),Video,Patrick Swayze,PG-13 (Parents Strongly Cautioned),,John Milius,,,1/13/98
113,792840909,Red Dawn [VHS],5.53,MGM (Video & DVD),Video,Patrick Swayze,PG-13 (Parents Strongly Cautioned),,John Milius,,,1/13/98
114,792842081,Red Dawn [VHS],5.53,MGM (Video & DVD),Video,Patrick Swayze,PG-13 (Parents Strongly Cautioned),,John Milius,,,1/13/98
115,792842111,Red Dawn [VHS],5.53,MGM (Video & DVD),Video,Patrick Swayze,PG-13 (Parents Strongly Cautioned),,John Milius,,,1/13/98
116,792842499,Red Dawn [VHS],5.53,MGM (Video & DVD),Video,Patrick Swayze,PG-13 (Parents Strongly Cautioned),,John Milius,,,1/13/98
117,792844890,Red Dawn [VHS],5.53,MGM (Video & DVD),Video,Patrick Swayze,PG-13 (Parents Strongly Cautioned),,John Milius,,,1/13/98
118,792845684,Escape From New York [VHS],21.99,Fox Home Entertainme,Video,Kurt Russell,R (Restricted),,John Carpenter,,,10/1/02
119,792845730,Escape From New York [VHS],21.99,Fox Home Entertainme,Video,Kurt Russell,R (Restricted),,John Carpenter,,,10/1/02
120,792846303,Escape From New York [VHS],21.99,Fox Home Entertainme,Video,Kurt Russell,R (Restricted),,John Carpenter,,,10/1/02
121,793906091,Escape From New York [VHS],21.99,Fox Home Entertainme,Video,Kurt Russell,R (Restricted),,John Carpenter,,,10/1/02
122,800102150,Escape From New York [VHS],21.99,Fox Home Entertainme,Video,Kurt Russell,R (Restricted),,John Carpenter,,,10/1/02
123,800132009,Escape From New York [VHS],21.99,Fox Home Entertainme,Video,Kurt Russell,R (Restricted),,John Carpenter,,,10/1/02
124,800137884,Escape From New York [VHS],21.99,Fox Home Entertainme,Video,Kurt Russell,R (Restricted),,John Carpenter,,,10/1/02
125,800141660,Escape From New York [VHS],21.99,Fox Home Entertainme,Video,Kurt Russell,R (Restricted),,John Carpenter,,,10/1/02
126,800141709,Escape From New York [VHS],21.99,Fox Home Entertainme,Video,Kurt Russell,R (Restricted),,John Carpenter,,,10/1/02
127,080017948X,Groundhog Day,13.79,Sony Pictures Home Entertainment,DVD,Stephen Tobolowsky,PG (Parental Guidance Suggested),,Harold Ramis,,,1/1/02
128,1400322715,Groundhog Day,13.79,Sony Pictures Home Entertainment,DVD,Stephen Tobolowsky,PG (Parental Guidance Suggested),,Harold Ramis,,,1/1/02
129,1404983082,Groundhog Day,13.79,Sony Pictures Home Entertainment,DVD,Stephen Tobolowsky,PG (Parental Guidance Suggested),,Harold Ramis,,,1/1/02
130,1415718113,Groundhog Day,13.79,Sony Pictures Home Entertainment,DVD,Stephen Tobolowsky,PG (Parental Guidance Suggested),,Harold Ramis,,,1/1/02
131,1415724784,Groundhog Day,13.79,Sony Pictures Home Entertainment,DVD,Stephen Tobolowsky,PG (Parental Guidance Suggested),,Harold Ramis,,,1/1/02
132,1415724806,Groundhog Day,13.79,Sony Pictures Home Entertainment,DVD,Stephen Tobolowsky,PG (Parental Guidance Suggested),,Harold Ramis,,,1/1/02
133,1417030321,Groundhog Day,13.79,Sony Pictures Home Entertainment,DVD,Stephen Tobolowsky,PG (Parental Guidance Suggested),,Harold Ramis,,,1/1/02
134,1417054069,Groundhog Day,13.79,Sony Pictures Home Entertainment,DVD,Stephen Tobolowsky,PG (Parental Guidance Suggested),,Harold Ramis,,,1/1/02
135,1417065818,E.T. the Extra-Terrestrial,8.88,,DVD,,,,,,,
136,1419819100,E.T. the Extra-Terrestrial,8.88,,DVD,,,,,,,
137,1419827154,E.T. the Extra-Terrestrial,8.88,,DVD,,,,,,,
138,1419838830,E.T. the Extra-Terrestrial,8.88,,DVD,,,,,,,
139,1424819253,Stargate Sg-1: Season 1,39,,DVD,,,,,,,
140,1558807381,Stargate Sg-1: Season 1,39,,DVD,,,,,,,
141,1558908242,Stargate Sg-1: Season 1,39,,DVD,,,,,,,
142,156219464X,Stargate Sg-1: Season 1,39,,DVD,,,,,,,
143,1572522232,Stargate Sg-1: Season 1,39,,DVD,,,,,,,
144,1608838137,Stargate Sg-1: Season 1,39,,DVD,,,,,,,
145,6300151379,Stargate Sg-1: Season 1,39,,DVD,,,,,,,
146,6300183513,Stargate Sg-1: Season 1,39,,DVD,,,,,,,
147,6300213714,Stargate Sg-1: Season 1,39,,DVD,,,,,,,
148,6300213803,Stargate Sg-1: Season 1,39,,DVD,,,,,,,
149,6300213986,Stargate Sg-1: Season 1,39,,DVD,,,,,,,
150,6300214087,Friday the 13th 1 [VHS],16.95,Paramount,Video,Betsy Palmer,R (Restricted),,Sean S. Cunningham,,,12/7/92
151,6300214540,Friday the 13th 1 [VHS],16.95,Paramount,Video,Betsy Palmer,R (Restricted),,Sean S. Cunningham,,,12/7/92
152,6300214699,Friday the 13th 1 [VHS],16.95,Paramount,Video,Betsy Palmer,R (Restricted),,Sean S. Cunningham,,,12/7/92
153,6300214753,Ferris Bueller's Day Off [VHS],8.97,Paramount,Video,Matthew Broderick,PG-13 (Parents Strongly Cautioned),,John Hughes,Condition: Used - Very Good,,6/25/96
154,6300214826,Ferris Bueller's Day Off [VHS],8.97,Paramount,Video,Matthew Broderick,PG-13 (Parents Strongly Cautioned),,John Hughes,Condition: Used - Very Good,,6/25/96
155,6300215539,Ferris Bueller's Day Off [VHS],8.97,Paramount,Video,Matthew Broderick,PG-13 (Parents Strongly Cautioned),,John Hughes,Condition: Used - Very Good,,6/25/96
156,6300215695,Ferris Bueller's Day Off [VHS],8.97,Paramount,Video,Matthew Broderick,PG-13 (Parents Strongly Cautioned),,John Hughes,Condition: Used - Very Good,,6/25/96
157,6300215741,Ferris Bueller's Day Off [VHS],8.97,Paramount,Video,Matthew Broderick,PG-13 (Parents Strongly Cautioned),,John Hughes,Condition: Used - Very Good,,6/25/96
158,6300216500,Ferris Bueller's Day Off [VHS],8.97,Paramount,Video,Matthew Broderick,PG-13 (Parents Strongly Cautioned),,John Hughes,Condition: Used - Very Good,,6/25/96
159,6300216802,Ferris Bueller's Day Off [VHS],8.97,Paramount,Video,Matthew Broderick,PG-13 (Parents Strongly Cautioned),,John Hughes,Condition: Used - Very Good,,6/25/96
160,6300247171,Ferris Bueller's Day Off [VHS],8.97,Paramount,Video,Matthew Broderick,PG-13 (Parents Strongly Cautioned),,John Hughes,Condition: Used - Very Good,,6/25/96
161,6300248143,Ferris Bueller's Day Off [VHS],8.97,Paramount,Video,Matthew Broderick,PG-13 (Parents Strongly Cautioned),,John Hughes,Condition: Used - Very Good,,6/25/96
162,6300248178,Ferris Bueller's Day Off [VHS],8.97,Paramount,Video,Matthew Broderick,PG-13 (Parents Strongly Cautioned),,John Hughes,Condition: Used - Very Good,,6/25/96
163,6300268470,Ferris Bueller's Day Off [VHS],8.97,Paramount,Video,Matthew Broderick,PG-13 (Parents Strongly Cautioned),,John Hughes,Condition: Used - Very Good,,6/25/96
164,6300268993,Ferris Bueller's Day Off [VHS],8.97,Paramount,Video,Matthew Broderick,PG-13 (Parents Strongly Cautioned),,John Hughes,Condition: Used - Very Good,,6/25/96
165,6300271285,Little Shop of Horrors [VHS],7.17,Warner Home Video,Video,Rick Moranis,PG-13 (Parents Strongly Cautioned),Warner Home Video,Frank Oz,"VHS,",Musicals,4/1/92
166,630027179X,Little Shop of Horrors [VHS],7.17,Warner Home Video,Video,Rick Moranis,PG-13 (Parents Strongly Cautioned),Warner Home Video,Frank Oz,"VHS,",Musicals,4/1/92
167,6300274187,Mary Poppins [VHS],3.87,Walt Disney Home Video,Video,Julie Andrews,G (General Audience),,Robert Stevenson,Mary Poppins [VHS],,3/31/98
168,6300274268,Alice in Wonderland (Walt Disney Masterpiece Collection) [VHS],14.99,Walt Disney Home Video,Video,Kathryn Beaumont,G (General Audience),Disney,Clyde Geronimi,,Children,7/13/99
169,6300989003,Alice in Wonderland (Walt Disney Masterpiece Collection) [VHS],14.99,Walt Disney Home Video,Video,Kathryn Beaumont,G (General Audience),Disney,Clyde Geronimi,,Children,7/13/99
170,6301208773,Alice in Wonderland (Walt Disney Masterpiece Collection) [VHS],14.99,Walt Disney Home Video,Video,Kathryn Beaumont,G (General Audience),Disney,Clyde Geronimi,,Children,7/13/99
171,6301442962,Alice in Wonderland (Walt Disney Masterpiece Collection) [VHS],14.99,Walt Disney Home Video,Video,Kathryn Beaumont,G (General Audience),Disney,Clyde Geronimi,,Children,7/13/99
172,630150528X,Alice in Wonderland (Walt Disney Masterpiece Collection) [VHS],14.99,Walt Disney Home Video,Video,Kathryn Beaumont,G (General Audience),Disney,Clyde Geronimi,,Children,7/13/99
173,6301562941,Alice in Wonderland (Walt Disney Masterpiece Collection) [VHS],14.99,Walt Disney Home Video,Video,Kathryn Beaumont,G (General Audience),Disney,Clyde Geronimi,,Children,7/13/99
174,6301670140,Alice in Wonderland (Walt Disney Masterpiece Collection) [VHS],14.99,Walt Disney Home Video,Video,Kathryn Beaumont,G (General Audience),Disney,Clyde Geronimi,,Children,7/13/99
175,6301773551,Alice in Wonderland (Walt Disney Masterpiece Collection) [VHS],14.99,Walt Disney Home Video,Video,Kathryn Beaumont,G (General Audience),Disney,Clyde Geronimi,,Children,7/13/99
176,6301797957,Alice in Wonderland (Walt Disney Masterpiece Collection) [VHS],14.99,Walt Disney Home Video,Video,Kathryn Beaumont,G (General Audience),Disney,Clyde Geronimi,,Children,7/13/99
177,6301966554,Alice in Wonderland (Walt Disney Masterpiece Collection) [VHS],14.99,Walt Disney Home Video,Video,Kathryn Beaumont,G (General Audience),Disney,Clyde Geronimi,,Children,7/13/99
178,6301966988,Alice in Wonderland (Walt Disney Masterpiece Collection) [VHS],14.99,Walt Disney Home Video,Video,Kathryn Beaumont,G (General Audience),Disney,Clyde Geronimi,,Children,7/13/99
179,6301972023,Alice in Wonderland (Walt Disney Masterpiece Collection) [VHS],14.99,Walt Disney Home Video,Video,Kathryn Beaumont,G (General Audience),Disney,Clyde Geronimi,,Children,7/13/99
180,6301976061,Alice in Wonderland (Walt Disney Masterpiece Collection) [VHS],14.99,Walt Disney Home Video,Video,Kathryn Beaumont,G (General Audience),Disney,Clyde Geronimi,,Children,7/13/99
181,6301996135,Alice in Wonderland (Walt Disney Masterpiece Collection) [VHS],14.99,Walt Disney Home Video,Video,Kathryn Beaumont,G (General Audience),Disney,Clyde Geronimi,,Children,7/13/99
182,6302035058,Alice in Wonderland (Walt Disney Masterpiece Collection) [VHS],14.99,Walt Disney Home Video,Video,Kathryn Beaumont,G (General Audience),Disney,Clyde Geronimi,,Children,7/13/99
183,6302038308,Alice in Wonderland (Walt Disney Masterpiece Collection) [VHS],14.99,Walt Disney Home Video,Video,Kathryn Beaumont,G (General Audience),Disney,Clyde Geronimi,,Children,7/13/99
184,6302088607,Alice in Wonderland (Walt Disney Masterpiece Collection) [VHS],14.99,Walt Disney Home Video,Video,Kathryn Beaumont,G (General Audience),Disney,Clyde Geronimi,,Children,7/13/99
185,6302091632,Home Alone [VHS],14.99,20th Century Fox,Video,Macaulay Culkin,PG (Parental Guidance Suggested),FOX Video,Chris Columbus,Condition: Used - Good,,12/7/92
186,6302135621,Home Alone [VHS],14.99,20th Century Fox,Video,Macaulay Culkin,PG (Parental Guidance Suggested),FOX Video,Chris Columbus,Condition: Used - Good,,12/7/92
187,6302168465,Home Alone [VHS],14.99,20th Century Fox,Video,Macaulay Culkin,PG (Parental Guidance Suggested),FOX Video,Chris Columbus,Condition: Used - Good,,12/7/92
188,6302182557,Home Alone [VHS],14.99,20th Century Fox,Video,Macaulay Culkin,PG (Parental Guidance Suggested),FOX Video,Chris Columbus,Condition: Used - Good,,12/7/92
189,6302219205,Home Alone [VHS],14.99,20th Century Fox,Video,Macaulay Culkin,PG (Parental Guidance Suggested),FOX Video,Chris Columbus,Condition: Used - Good,,12/7/92
190,6302227127,Home Alone [VHS],14.99,20th Century Fox,Video,Macaulay Culkin,PG (Parental Guidance Suggested),FOX Video,Chris Columbus,Condition: Used - Good,,12/7/92
191,6302320488,Home Alone [VHS],14.99,20th Century Fox,Video,Macaulay Culkin,PG (Parental Guidance Suggested),FOX Video,Chris Columbus,Condition: Used - Good,,12/7/92
192,6302380596,Home Alone [VHS],14.99,20th Century Fox,Video,Macaulay Culkin,PG (Parental Guidance Suggested),FOX Video,Chris Columbus,Condition: Used - Good,,12/7/92
193,6302526574,Home Alone [VHS],14.99,20th Century Fox,Video,Macaulay Culkin,PG (Parental Guidance Suggested),FOX Video,Chris Columbus,Condition: Used - Good,,12/7/92
194,6302548748,Home Alone [VHS],14.99,20th Century Fox,Video,Macaulay Culkin,PG (Parental Guidance Suggested),FOX Video,Chris Columbus,Condition: Used - Good,,12/7/92
195,6302595916,Home Alone [VHS],14.99,20th Century Fox,Video,Macaulay Culkin,PG (Parental Guidance Suggested),FOX Video,Chris Columbus,Condition: Used - Good,,12/7/92
196,6302610702,Home Alone [VHS],14.99,20th Century Fox,Video,Macaulay Culkin,PG (Parental Guidance Suggested),FOX Video,Chris Columbus,Condition: Used - Good,,12/7/92
197,6302637899,Rocky Horror Picture Show [VHS],4.99,Twentieth Century-Fox Film Corporation,Video,Tim Curry,R (Restricted),,Jim Sharman,,Horror,11/4/92
198,6302643627,Rocky Horror Picture Show [VHS],4.99,Twentieth Century-Fox Film Corporation,Video,Tim Curry,R (Restricted),,Jim Sharman,,Horror,11/4/92
199,630266232X,Rocky Horror Picture Show [VHS],4.99,Twentieth Century-Fox Film Corporation,Video,Tim Curry,R (Restricted),,Jim Sharman,,Horror,11/4/92
200,6302760046,Rocky Horror Picture Show [VHS],4.99,Twentieth Century-Fox Film Corporation,Video,Tim Curry,R (Restricted),,Jim Sharman,,Horror,11/4/92
201,6302787068,Rocky Horror Picture Show [VHS],4.99,Twentieth Century-Fox Film Corporation,Video,Tim Curry,R (Restricted),,Jim Sharman,,Horror,11/4/92
202,6302794331,Rocky Horror Picture Show [VHS],4.99,Twentieth Century-Fox Film Corporation,Video,Tim Curry,R (Restricted),,Jim Sharman,,Horror,11/4/92
203,6302822696,Rocky Horror Picture Show [VHS],4.99,Twentieth Century-Fox Film Corporation,Video,Tim Curry,R (Restricted),,Jim Sharman,,Horror,11/4/92
204,6302872766,Rocky Horror Picture Show [VHS],4.99,Twentieth Century-Fox Film Corporation,Video,Tim Curry,R (Restricted),,Jim Sharman,,Horror,11/4/92
205,6302921058,Rocky Horror Picture Show [VHS],4.99,Twentieth Century-Fox Film Corporation,Video,Tim Curry,R (Restricted),,Jim Sharman,,Horror,11/4/92
206,6302968143,Rocky Horror Picture Show [VHS],4.99,Twentieth Century-Fox Film Corporation,Video,Tim Curry,R (Restricted),,Jim Sharman,,Horror,11/4/92
207,630305725X,Rocky Horror Picture Show [VHS],4.99,Twentieth Century-Fox Film Corporation,Video,Tim Curry,R (Restricted),,Jim Sharman,,Horror,11/4/92
208,6303118240,Rocky Horror Picture Show [VHS],4.99,Twentieth Century-Fox Film Corporation,Video,Tim Curry,R (Restricted),,Jim Sharman,,Horror,11/4/92
209,6303122647,Rocky Horror Picture Show [VHS],4.99,Twentieth Century-Fox Film Corporation,Video,Tim Curry,R (Restricted),,Jim Sharman,,Horror,11/4/92
210,6303187064,The Crow [VHS],7.25,Walt Disney Video,Video,Brandon Lee,R (Restricted),,Alex Proyas,,,6/2/95
211,6303212263,The Crow [VHS],7.25,Walt Disney Video,Video,Brandon Lee,R (Restricted),,Alex Proyas,,,6/2/95
212,6303212379,The Crow [VHS],7.25,Walt Disney Video,Video,Brandon Lee,R (Restricted),,Alex Proyas,,,6/2/95
213,6303212395,The NeverEnding Story [VHS],4.44,Warner Home Video,Video,Noah Hathaway,PG (Parental Guidance Suggested),,Wolfgang Petersen,,,2/6/95
214,6303305520,The NeverEnding Story [VHS],4.44,Warner Home Video,Video,Noah Hathaway,PG (Parental Guidance Suggested),,Wolfgang Petersen,,,2/6/95
215,6303398480,The NeverEnding Story [VHS],4.44,Warner Home Video,Video,Noah Hathaway,PG (Parental Guidance Suggested),,Wolfgang Petersen,,,2/6/95
216,6303430570,The NeverEnding Story [VHS],4.44,Warner Home Video,Video,Noah Hathaway,PG (Parental Guidance Suggested),,Wolfgang Petersen,,,2/6/95
217,6303599109,The NeverEnding Story [VHS],4.44,Warner Home Video,Video,Noah Hathaway,PG (Parental Guidance Suggested),,Wolfgang Petersen,,,2/6/95
218,630365147X,Goldfinger [VHS],1,MGM (Video & DVD),Video,Sean Connery,PG (Parental Guidance Suggested),,Guy Hamilton,,,10/19/99
219,6303908306,Goldfinger [VHS],1,MGM (Video & DVD),Video,Sean Connery,PG (Parental Guidance Suggested),,Guy Hamilton,,,10/19/99
220,6303921248,Goldfinger [VHS],1,MGM (Video & DVD),Video,Sean Connery,PG (Parental Guidance Suggested),,Guy Hamilton,,,10/19/99
221,6303961592,Goldfinger [VHS],1,MGM (Video & DVD),Video,Sean Connery,PG (Parental Guidance Suggested),,Guy Hamilton,,,10/19/99
222,6303965415,Goldfinger [VHS],1,MGM (Video & DVD),Video,Sean Connery,PG (Parental Guidance Suggested),,Guy Hamilton,,,10/19/99
223,6304089767,Goldfinger [VHS],1,MGM (Video & DVD),Video,Sean Connery,PG (Parental Guidance Suggested),,Guy Hamilton,,,10/19/99
224,6304117752,Goldfinger [VHS],1,MGM (Video & DVD),Video,Sean Connery,PG (Parental Guidance Suggested),,Guy Hamilton,,,10/19/99
225,6304176287,Goldfinger [VHS],1,MGM (Video & DVD),Video,Sean Connery,PG (Parental Guidance Suggested),,Guy Hamilton,,,10/19/99
226,6304178352,Goldfinger [VHS],1,MGM (Video & DVD),Video,Sean Connery,PG (Parental Guidance Suggested),,Guy Hamilton,,,10/19/99
227,6304214502,Goldfinger [VHS],1,MGM (Video & DVD),Video,Sean Connery,PG (Parental Guidance Suggested),,Guy Hamilton,,,10/19/99
228,6304233639,Independence Day [VHS],0.99,20th Century Fox,Video,Will Smith,PG-13 (Parents Strongly Cautioned),,Roland Emmerich,,,11/22/96
229,6304240554,Independence Day [VHS],0.99,20th Century Fox,Video,Will Smith,PG-13 (Parents Strongly Cautioned),,Roland Emmerich,,,11/22/96
230,6304288433,Independence Day [VHS],0.99,20th Century Fox,Video,Will Smith,PG-13 (Parents Strongly Cautioned),,Roland Emmerich,,,11/22/96
231,630428845X,Independence Day [VHS],0.99,20th Century Fox,Video,Will Smith,PG-13 (Parents Strongly Cautioned),,Roland Emmerich,,,11/22/96
232,6304383827,Independence Day [VHS],0.99,20th Century Fox,Video,Will Smith,PG-13 (Parents Strongly Cautioned),,Roland Emmerich,,,11/22/96
233,6304401132,Independence Day [VHS],0.99,20th Century Fox,Video,Will Smith,PG-13 (Parents Strongly Cautioned),,Roland Emmerich,,,11/22/96
234,630442972X,Independence Day [VHS],0.99,20th Century Fox,Video,Will Smith,PG-13 (Parents Strongly Cautioned),,Roland Emmerich,,,11/22/96
235,6304490135,Independence Day [VHS],0.99,20th Century Fox,Video,Will Smith,PG-13 (Parents Strongly Cautioned),,Roland Emmerich,,,11/22/96
236,6304500831,Independence Day [VHS],0.99,20th Century Fox,Video,Will Smith,PG-13 (Parents Strongly Cautioned),,Roland Emmerich,,,11/22/96
237,6304546386,Independence Day [VHS],0.99,20th Century Fox,Video,Will Smith,PG-13 (Parents Strongly Cautioned),,Roland Emmerich,,,11/22/96
238,6304675348,Independence Day [VHS],0.99,20th Century Fox,Video,Will Smith,PG-13 (Parents Strongly Cautioned),,Roland Emmerich,,,11/22/96
239,6304697961,Independence Day [VHS],0.99,20th Century Fox,Video,Will Smith,PG-13 (Parents Strongly Cautioned),,Roland Emmerich,,,11/22/96
240,6304744404,Independence Day [VHS],0.99,20th Century Fox,Video,Will Smith,PG-13 (Parents Strongly Cautioned),,Roland Emmerich,,,11/22/96
241,6304819927,Independence Day [VHS],0.99,20th Century Fox,Video,Will Smith,PG-13 (Parents Strongly Cautioned),,Roland Emmerich,,,11/22/96
242,6304935811,Independence Day [VHS],0.99,20th Century Fox,Video,Will Smith,PG-13 (Parents Strongly Cautioned),,Roland Emmerich,,,11/22/96
243,6304953747,Independence Day [VHS],0.99,20th Century Fox,Video,Will Smith,PG-13 (Parents Strongly Cautioned),,Roland Emmerich,,,11/22/96
244,6304994540,Independence Day [VHS],0.99,20th Century Fox,Video,Will Smith,PG-13 (Parents Strongly Cautioned),,Roland Emmerich,,,11/22/96
245,6305013608,Independence Day [VHS],0.99,20th Century Fox,Video,Will Smith,PG-13 (Parents Strongly Cautioned),,Roland Emmerich,,,11/22/96
246,6305076154,Planet of the Apes Collection (Widescreen Edition) [VHS],49.99,Fox Home Entertainme,Video,Charlton Heston,G (General Audience),,Don Taylor,,,8/18/98
247,6305076464,Planet of the Apes Collection (Widescreen Edition) [VHS],49.99,Fox Home Entertainme,Video,Charlton Heston,G (General Audience),,Don Taylor,,,8/18/98
248,6305123616,Planet of the Apes Collection (Widescreen Edition) [VHS],49.99,Fox Home Entertainme,Video,Charlton Heston,G (General Audience),,Don Taylor,,,8/18/98
249,6305132666,The American President [VHS],4.22,Turner Home Ent,Video,Michael Douglas,PG-13 (Parents Strongly Cautioned),,Rob Reiner,,,1/12/99
250,6305168857,The American President [VHS],4.22,Turner Home Ent,Video,Michael Douglas,PG-13 (Parents Strongly Cautioned),,Rob Reiner,,,1/12/99
251,6305169187,The American President [VHS],4.22,Turner Home Ent,Video,Michael Douglas,PG-13 (Parents Strongly Cautioned),,Rob Reiner,,,1/12/99
252,6305171769,The American President [VHS],4.22,Turner Home Ent,Video,Michael Douglas,PG-13 (Parents Strongly Cautioned),,Rob Reiner,,,1/12/99
253,6305265488,The American President [VHS],4.22,Turner Home Ent,Video,Michael Douglas,PG-13 (Parents Strongly Cautioned),,Rob Reiner,,,1/12/99
254,6305304750,The American President [VHS],4.22,Turner Home Ent,Video,Michael Douglas,PG-13 (Parents Strongly Cautioned),,Rob Reiner,,,1/12/99
255,6305358567,The American President [VHS],4.22,Turner Home Ent,Video,Michael Douglas,PG-13 (Parents Strongly Cautioned),,Rob Reiner,,,1/12/99
256,6305368139,The American President [VHS],4.22,Turner Home Ent,Video,Michael Douglas,PG-13 (Parents Strongly Cautioned),,Rob Reiner,,,1/12/99
257,6305426651,The American President [VHS],4.22,Turner Home Ent,Video,Michael Douglas,PG-13 (Parents Strongly Cautioned),,Rob Reiner,,,1/12/99
258,6305438137,The American President [VHS],4.22,Turner Home Ent,Video,Michael Douglas,PG-13 (Parents Strongly Cautioned),,Rob Reiner,,,1/12/99
259,6305470448,The American President [VHS],4.22,Turner Home Ent,Video,Michael Douglas,PG-13 (Parents Strongly Cautioned),,Rob Reiner,,,1/12/99
260,6305499365,The American President [VHS],4.22,Turner Home Ent,Video,Michael Douglas,PG-13 (Parents Strongly Cautioned),,Rob Reiner,,,1/12/99
261,6305568901,The American President [VHS],4.22,Turner Home Ent,Video,Michael Douglas,PG-13 (Parents Strongly Cautioned),,Rob Reiner,,,1/12/99
262,6305609756,The American President [VHS],4.22,Turner Home Ent,Video,Michael Douglas,PG-13 (Parents Strongly Cautioned),,Rob Reiner,,,1/12/99
263,6305627347,The American President [VHS],4.22,Turner Home Ent,Video,Michael Douglas,PG-13 (Parents Strongly Cautioned),,Rob Reiner,,,1/12/99
264,6305657939,The American President [VHS],4.22,Turner Home Ent,Video,Michael Douglas,PG-13 (Parents Strongly Cautioned),,Rob Reiner,,,1/12/99
265,6305669651,The American President [VHS],4.22,Turner Home Ent,Video,Michael Douglas,PG-13 (Parents Strongly Cautioned),,Rob Reiner,,,1/12/99
266,630573240X,The American President [VHS],4.22,Turner Home Ent,Video,Michael Douglas,PG-13 (Parents Strongly Cautioned),,Rob Reiner,,,1/12/99
267,630575067X,The American President [VHS],4.22,Turner Home Ent,Video,Michael Douglas,PG-13 (Parents Strongly Cautioned),,Rob Reiner,,,1/12/99
268,6305784906,The American President [VHS],4.22,Turner Home Ent,Video,Michael Douglas,PG-13 (Parents Strongly Cautioned),,Rob Reiner,,,1/12/99
269,6305807043,The American President [VHS],4.22,Turner Home Ent,Video,Michael Douglas,PG-13 (Parents Strongly Cautioned),,Rob Reiner,,,1/12/99
270,6305897786,The American President [VHS],4.22,Turner Home Ent,Video,Michael Douglas,PG-13 (Parents Strongly Cautioned),,Rob Reiner,,,1/12/99
271,6305949557,The American President [VHS],4.22,Turner Home Ent,Video,Michael Douglas,PG-13 (Parents Strongly Cautioned),,Rob Reiner,,,1/12/99
272,7883704591,The American President [VHS],4.22,Turner Home Ent,Video,Michael Douglas,PG-13 (Parents Strongly Cautioned),,Rob Reiner,,,1/12/99
273,7883706837,The American President [VHS],4.22,Turner Home Ent,Video,Michael Douglas,PG-13 (Parents Strongly Cautioned),,Rob Reiner,,,1/12/99
274,B000003KHS,The American President [VHS],4.22,Turner Home Ent,Video,Michael Douglas,PG-13 (Parents Strongly Cautioned),,Rob Reiner,,,1/12/99
275,B0000040E9,The American President [VHS],4.22,Turner Home Ent,Video,Michael Douglas,PG-13 (Parents Strongly Cautioned),,Rob Reiner,,,1/12/99
276,B000005QLO,Edward Scissorhands,6.46,20th Century Fox,Video,Johnny Depp,PG-13 (Parents Strongly Cautioned),,,,Action & Adventure,
277,B00000F3KL,Edward Scissorhands,6.46,20th Century Fox,Video,Johnny Depp,PG-13 (Parents Strongly Cautioned),,,,Action & Adventure,
278,B00000F4ZY,Edward Scissorhands,6.46,20th Century Fox,Video,Johnny Depp,PG-13 (Parents Strongly Cautioned),,,,Action & Adventure,
279,B00000K3AM,Edward Scissorhands,6.46,20th Century Fox,Video,Johnny Depp,PG-13 (Parents Strongly Cautioned),,,,Action & Adventure,
280,B000021Y74,Edward Scissorhands,6.46,20th Century Fox,Video,Johnny Depp,PG-13 (Parents Strongly Cautioned),,,,Action & Adventure,
281,B000028U3R,Edward Scissorhands,6.46,20th Century Fox,Video,Johnny Depp,PG-13 (Parents Strongly Cautioned),,,,Action & Adventure,
282,B00002E233,Edward Scissorhands,6.46,20th Century Fox,Video,Johnny Depp,PG-13 (Parents Strongly Cautioned),,,,Action & Adventure,
283,B00003CWQ2,Edward Scissorhands,6.46,20th Century Fox,Video,Johnny Depp,PG-13 (Parents Strongly Cautioned),,,,Action & Adventure,
284,B00003CWT6,Edward Scissorhands,6.46,20th Century Fox,Video,Johnny Depp,PG-13 (Parents Strongly Cautioned),,,,Action & Adventure,
285,B00003CX8I,X-Men [VHS],6.95,20th Century Fox,Video,Patrick Stewart,PG-13 (Parents Strongly Cautioned),,Bryan Singer,,,2/11/03
286,B00003CXBK,Princess Mononoke,9.99,Walt Disney Studios Home Entertainment,DVD,,PG-13 (Parental Guidance Suggested),Buena Vista Home Video,Hayao Miyazaki,JAPANIMATION,Anime & Manga,12/19/00
287,B00003CXDF,Princess Mononoke,9.99,Walt Disney Studios Home Entertainment,DVD,,PG-13 (Parental Guidance Suggested),Buena Vista Home Video,Hayao Miyazaki,JAPANIMATION,Anime & Manga,12/19/00
288,B00003CXE6,Princess Mononoke,9.99,Walt Disney Studios Home Entertainment,DVD,,PG-13 (Parental Guidance Suggested),Buena Vista Home Video,Hayao Miyazaki,JAPANIMATION,Anime & Manga,12/19/00
289,B00003CXFG,Princess Mononoke,9.99,Walt Disney Studios Home Entertainment,DVD,,PG-13 (Parental Guidance Suggested),Buena Vista Home Video,Hayao Miyazaki,JAPANIMATION,Anime & Manga,12/19/00
290,B00003CXI0,Princess Mononoke,9.99,Walt Disney Studios Home Entertainment,DVD,,PG-13 (Parental Guidance Suggested),Buena Vista Home Video,Hayao Miyazaki,JAPANIMATION,Anime & Manga,12/19/00
291,B00003CXI6,Princess Mononoke,9.99,Walt Disney Studios Home Entertainment,DVD,,PG-13 (Parental Guidance Suggested),Buena Vista Home Video,Hayao Miyazaki,JAPANIMATION,Anime & Manga,12/19/00
292,B00003CXJC,Princess Mononoke,9.99,Walt Disney Studios Home Entertainment,DVD,,PG-13 (Parental Guidance Suggested),Buena Vista Home Video,Hayao Miyazaki,JAPANIMATION,Anime & Manga,12/19/00
293,B00003CXMG,Princess Mononoke,9.99,Walt Disney Studios Home Entertainment,DVD,,PG-13 (Parental Guidance Suggested),Buena Vista Home Video,Hayao Miyazaki,JAPANIMATION,Anime & Manga,12/19/00
294,B00003CXN3,Princess Mononoke,9.99,Walt Disney Studios Home Entertainment,DVD,,PG-13 (Parental Guidance Suggested),Buena Vista Home Video,Hayao Miyazaki,JAPANIMATION,Anime & Manga,12/19/00
295,B00003CXOO,Princess Mononoke,9.99,Walt Disney Studios Home Entertainment,DVD,,PG-13 (Parental Guidance Suggested),Buena Vista Home Video,Hayao Miyazaki,JAPANIMATION,Anime & Manga,12/19/00
296,B00003CXP1,Princess Mononoke,9.99,Walt Disney Studios Home Entertainment,DVD,,PG-13 (Parental Guidance Suggested),Buena Vista Home Video,Hayao Miyazaki,JAPANIMATION,Anime & Manga,12/19/00
297,B00003CXPJ,Princess Mononoke,9.99,Walt Disney Studios Home Entertainment,DVD,,PG-13 (Parental Guidance Suggested),Buena Vista Home Video,Hayao Miyazaki,JAPANIMATION,Anime & Manga,12/19/00
298,B00003CXQA,Princess Mononoke,9.99,Walt Disney Studios Home Entertainment,DVD,,PG-13 (Parental Guidance Suggested),Buena Vista Home Video,Hayao Miyazaki,JAPANIMATION,Anime & Manga,12/19/00
299,B00003CXQX,The Emperor's New Groove [VHS],6.9,Walt Disney Home Video,Video,David Spade,G (General Audience),,Mark Dindal,,Kids & Family,5/1/01
300,B00003CXR3,The Emperor's New Groove [VHS],6.9,Walt Disney Home Video,Video,David Spade,G (General Audience),,Mark Dindal,,Kids & Family,5/1/01
301,B00003CXRA,The Emperor's New Groove [VHS],6.9,Walt Disney Home Video,Video,David Spade,G (General Audience),,Mark Dindal,,Kids & Family,5/1/01
302,B00003CXRM,The Emperor's New Groove [VHS],6.9,Walt Disney Home Video,Video,David Spade,G (General Audience),,Mark Dindal,,Kids & Family,5/1/01
303,B00003CXRP,The Emperor's New Groove [VHS],6.9,Walt Disney Home Video,Video,David Spade,G (General Audience),,Mark Dindal,,Kids & Family,5/1/01
304,B00003CXSP,The Emperor's New Groove [VHS],6.9,Walt Disney Home Video,Video,David Spade,G (General Audience),,Mark Dindal,,Kids & Family,5/1/01
305,B00003CXT7,The Emperor's New Groove [VHS],6.9,Walt Disney Home Video,Video,David Spade,G (General Audience),,Mark Dindal,,Kids & Family,5/1/01
306,B00003CXT9,The Emperor's New Groove [VHS],6.9,Walt Disney Home Video,Video,David Spade,G (General Audience),,Mark Dindal,,Kids & Family,5/1/01
307,B00003CXTF,The Emperor's New Groove [VHS],6.9,Walt Disney Home Video,Video,David Spade,G (General Audience),,Mark Dindal,,Kids & Family,5/1/01
308,B00003CXXI,The Emperor's New Groove [VHS],6.9,Walt Disney Home Video,Video,David Spade,G (General Audience),,Mark Dindal,,Kids & Family,5/1/01
309,B00003CXXM,The Emperor's New Groove [VHS],6.9,Walt Disney Home Video,Video,David Spade,G (General Audience),,Mark Dindal,,Kids & Family,5/1/01
310,B00003CXXO,The Emperor's New Groove [VHS],6.9,Walt Disney Home Video,Video,David Spade,G (General Audience),,Mark Dindal,,Kids & Family,5/1/01
311,B00003CXXR,The Emperor's New Groove [VHS],6.9,Walt Disney Home Video,Video,David Spade,G (General Audience),,Mark Dindal,,Kids & Family,5/1/01
312,B00003CXXU,The Emperor's New Groove [VHS],6.9,Walt Disney Home Video,Video,David Spade,G (General Audience),,Mark Dindal,,Kids & Family,5/1/01
313,B00003CXZ1,The Emperor's New Groove [VHS],6.9,Walt Disney Home Video,Video,David Spade,G (General Audience),,Mark Dindal,,Kids & Family,5/1/01
314,B00003CXZ3,The Emperor's New Groove [VHS],6.9,Walt Disney Home Video,Video,David Spade,G (General Audience),,Mark Dindal,,Kids & Family,5/1/01
315,B00003CYLJ,The Emperor's New Groove [VHS],6.9,Walt Disney Home Video,Video,David Spade,G (General Audience),,Mark Dindal,,Kids & Family,5/1/01
316,B00004XPPG,The Emperor's New Groove [VHS],6.9,Walt Disney Home Video,Video,David Spade,G (General Audience),,Mark Dindal,,Kids & Family,5/1/01
317,B00005221I,The Emperor's New Groove [VHS],6.9,Walt Disney Home Video,Video,David Spade,G (General Audience),,Mark Dindal,,Kids & Family,5/1/01
318,B00005AAA9,The Emperor's New Groove [VHS],6.9,Walt Disney Home Video,Video,David Spade,G (General Audience),,Mark Dindal,,Kids & Family,5/1/01
319,B00005ALS0,Best in Show,5.09,WarnerBrothers,DVD,Jennifer Coolidge,PG-13 (Parents Strongly Cautioned),Warner Manufacturing,Christopher Guest,COMEDY,Comedy,12/13/05
320,B00005IC54,Best in Show,5.09,WarnerBrothers,DVD,Jennifer Coolidge,PG-13 (Parents Strongly Cautioned),Warner Manufacturing,Christopher Guest,COMEDY,Comedy,12/13/05
321,B00005JKC3,Best in Show,5.09,WarnerBrothers,DVD,Jennifer Coolidge,PG-13 (Parents Strongly Cautioned),Warner Manufacturing,Christopher Guest,COMEDY,Comedy,12/13/05
322,B00005JKCH,Best in Show,5.09,WarnerBrothers,DVD,Jennifer Coolidge,PG-13 (Parents Strongly Cautioned),Warner Manufacturing,Christopher Guest,COMEDY,Comedy,12/13/05
323,B00005JKDQ,Best in Show,5.09,WarnerBrothers,DVD,Jennifer Coolidge,PG-13 (Parents Strongly Cautioned),Warner Manufacturing,Christopher Guest,COMEDY,Comedy,12/13/05
324,B00005JKEC,Best in Show,5.09,WarnerBrothers,DVD,Jennifer Coolidge,PG-13 (Parents Strongly Cautioned),Warner Manufacturing,Christopher Guest,COMEDY,Comedy,12/13/05
325,B00005JKJA,Best in Show,5.09,WarnerBrothers,DVD,Jennifer Coolidge,PG-13 (Parents Strongly Cautioned),Warner Manufacturing,Christopher Guest,COMEDY,Comedy,12/13/05
326,B00005JKJM,Best in Show,5.09,WarnerBrothers,DVD,Jennifer Coolidge,PG-13 (Parents Strongly Cautioned),Warner Manufacturing,Christopher Guest,COMEDY,Comedy,12/13/05
327,B00005JKMY,Best in Show,5.09,WarnerBrothers,DVD,Jennifer Coolidge,PG-13 (Parents Strongly Cautioned),Warner Manufacturing,Christopher Guest,COMEDY,Comedy,12/13/05
328,B00005JKN9,Best in Show,5.09,WarnerBrothers,DVD,Jennifer Coolidge,PG-13 (Parents Strongly Cautioned),Warner Manufacturing,Christopher Guest,COMEDY,Comedy,12/13/05
329,B00005JKNF,Best in Show,5.09,WarnerBrothers,DVD,Jennifer Coolidge,PG-13 (Parents Strongly Cautioned),Warner Manufacturing,Christopher Guest,COMEDY,Comedy,12/13/05
330,B00005JKQZ,A Beautiful Mind (Two-Disc Awards Edition),14.85,Universal Home Video,DVD,Russell Crowe,PG-13 (Parents Strongly Cautioned),UNI DIST CORP. (MCA),Ron Howard,,,6/25/02
331,B00005JKVZ,A Beautiful Mind (Two-Disc Awards Edition),14.85,Universal Home Video,DVD,Russell Crowe,PG-13 (Parents Strongly Cautioned),UNI DIST CORP. (MCA),Ron Howard,,,6/25/02
332,B00005JKZY,A Beautiful Mind (Two-Disc Awards Edition),14.85,Universal Home Video,DVD,Russell Crowe,PG-13 (Parents Strongly Cautioned),UNI DIST CORP. (MCA),Ron Howard,,,6/25/02
333,B00005JL3A,A Beautiful Mind (Two-Disc Awards Edition),14.85,Universal Home Video,DVD,Russell Crowe,PG-13 (Parents Strongly Cautioned),UNI DIST CORP. (MCA),Ron Howard,,,6/25/02
334,B00005JL3T,A Beautiful Mind (Two-Disc Awards Edition),14.85,Universal Home Video,DVD,Russell Crowe,PG-13 (Parents Strongly Cautioned),UNI DIST CORP. (MCA),Ron Howard,,,6/25/02
335,B00005JL78,Minority Report (Widescreen Two-Disc Special Edition),6.99,Dreamworks Video,DVD,Colin Farrell,PG-13 (Parents Strongly Cautioned),Paramount,Steven Spielberg,Factory sealed DVD,,12/17/02
336,B00005JL8F,Minority Report (Widescreen Two-Disc Special Edition),6.99,Dreamworks Video,DVD,Colin Farrell,PG-13 (Parents Strongly Cautioned),Paramount,Steven Spielberg,Factory sealed DVD,,12/17/02
337,B00005JLBE,Minority Report (Widescreen Two-Disc Special Edition),6.99,Dreamworks Video,DVD,Colin Farrell,PG-13 (Parents Strongly Cautioned),Paramount,Steven Spielberg,Factory sealed DVD,,12/17/02
338,B00005JLBQ,Minority Report (Widescreen Two-Disc Special Edition),6.99,Dreamworks Video,DVD,Colin Farrell,PG-13 (Parents Strongly Cautioned),Paramount,Steven Spielberg,Factory sealed DVD,,12/17/02
339,B00005JLET,Minority Report (Widescreen Two-Disc Special Edition),6.99,Dreamworks Video,DVD,Colin Farrell,PG-13 (Parents Strongly Cautioned),Paramount,Steven Spielberg,Factory sealed DVD,,12/17/02
340,B00005JLF2,Minority Report (Widescreen Two-Disc Special Edition),6.99,Dreamworks Video,DVD,Colin Farrell,PG-13 (Parents Strongly Cautioned),Paramount,Steven Spielberg,Factory sealed DVD,,12/17/02
341,B00005JLKN,Minority Report (Widescreen Two-Disc Special Edition),6.99,Dreamworks Video,DVD,Colin Farrell,PG-13 (Parents Strongly Cautioned),Paramount,Steven Spielberg,Factory sealed DVD,,12/17/02
342,B00005JLRT,Star Trek - Nemesis (Widescreen Edition),17.99,Paramount,DVD,Patrick Stewart,PG-13 (Parental Guidance Suggested),Generic,Stuart Baird,Artist: STAR TREK,Action & Adventure,5/20/03
343,B00005JLSB,Star Trek - Nemesis (Widescreen Edition),17.99,Paramount,DVD,Patrick Stewart,PG-13 (Parental Guidance Suggested),Generic,Stuart Baird,Artist: STAR TREK,Action & Adventure,5/20/03
344,B00005JLSE,Star Trek - Nemesis (Widescreen Edition),17.99,Paramount,DVD,Patrick Stewart,PG-13 (Parental Guidance Suggested),Generic,Stuart Baird,Artist: STAR TREK,Action & Adventure,5/20/03
345,B00005JLT5,Star Trek - Nemesis (Widescreen Edition),17.99,Paramount,DVD,Patrick Stewart,PG-13 (Parental Guidance Suggested),Generic,Stuart Baird,Artist: STAR TREK,Action & Adventure,5/20/03
346,B00005JLTK,Star Trek - Nemesis (Widescreen Edition),17.99,Paramount,DVD,Patrick Stewart,PG-13 (Parental Guidance Suggested),Generic,Stuart Baird,Artist: STAR TREK,Action & Adventure,5/20/03
347,B00005JLTM,Star Trek - Nemesis (Widescreen Edition),17.99,Paramount,DVD,Patrick Stewart,PG-13 (Parental Guidance Suggested),Generic,Stuart Baird,Artist: STAR TREK,Action & Adventure,5/20/03
348,B00005JLWN,Star Trek - Nemesis (Widescreen Edition),17.99,Paramount,DVD,Patrick Stewart,PG-13 (Parental Guidance Suggested),Generic,Stuart Baird,Artist: STAR TREK,Action & Adventure,5/20/03
349,B00005JLXE,Daredevil (Two-Disc Widescreen Edition),9.88,20th Century Fox,DVD,Ben Affleck,PG-13 (Parental Guidance Suggested),FOX Home Entertainment,Mark Steven Johnson,,,7/29/03
350,B00005JLXH,Daredevil (Two-Disc Widescreen Edition),9.88,20th Century Fox,DVD,Ben Affleck,PG-13 (Parental Guidance Suggested),FOX Home Entertainment,Mark Steven Johnson,,,7/29/03
351,B00005JM02,Daredevil (Two-Disc Widescreen Edition),9.88,20th Century Fox,DVD,Ben Affleck,PG-13 (Parental Guidance Suggested),FOX Home Entertainment,Mark Steven Johnson,,,7/29/03
352,B00005JM0B,Daredevil (Two-Disc Widescreen Edition),9.88,20th Century Fox,DVD,Ben Affleck,PG-13 (Parental Guidance Suggested),FOX Home Entertainment,Mark Steven Johnson,,,7/29/03
353,B00005JM5B,Daredevil (Two-Disc Widescreen Edition),9.88,20th Century Fox,DVD,Ben Affleck,PG-13 (Parental Guidance Suggested),FOX Home Entertainment,Mark Steven Johnson,,,7/29/03
354,B00005JM5E,Daredevil (Two-Disc Widescreen Edition),9.88,20th Century Fox,DVD,Ben Affleck,PG-13 (Parental Guidance Suggested),FOX Home Entertainment,Mark Steven Johnson,,,7/29/03
355,B00005JMA8,Daredevil (Two-Disc Widescreen Edition),9.88,20th Century Fox,DVD,Ben Affleck,PG-13 (Parental Guidance Suggested),FOX Home Entertainment,Mark Steven Johnson,,,7/29/03
356,B00005JMAH,Daredevil (Two-Disc Widescreen Edition),9.88,20th Century Fox,DVD,Ben Affleck,PG-13 (Parental Guidance Suggested),FOX Home Entertainment,Mark Steven Johnson,,,7/29/03
357,B00005JMCN,Seabiscuit (Widescreen Edition),7.64,Universal Studios Home Entertainment,DVD,Tobey Maguire,PG-13 (Parental Guidance Suggested),MOVIE,,"Condition: Used, Very Good",Film,12/16/03
358,B00005JMDZ,Seabiscuit (Widescreen Edition),7.64,Universal Studios Home Entertainment,DVD,Tobey Maguire,PG-13 (Parental Guidance Suggested),MOVIE,,"Condition: Used, Very Good",Film,12/16/03
359,B00005JMEW,Seabiscuit (Widescreen Edition),7.64,Universal Studios Home Entertainment,DVD,Tobey Maguire,PG-13 (Parental Guidance Suggested),MOVIE,,"Condition: Used, Very Good",Film,12/16/03
360,B00005JMFQ,Love Actually (Widescreen Edition),7.88,Universal Studios Home Entertainment,DVD,Hugh Grant,R (Restricted),Uni,,COMEDY,Romance,4/27/04
361,B00005JMJ4,Love Actually (Widescreen Edition),7.88,Universal Studios Home Entertainment,DVD,Hugh Grant,R (Restricted),Uni,,COMEDY,Romance,4/27/04
362,B00005JMJG,Love Actually (Widescreen Edition),7.88,Universal Studios Home Entertainment,DVD,Hugh Grant,R (Restricted),Uni,,COMEDY,Romance,4/27/04
363,B00005JMOW,Love Actually (Widescreen Edition),7.88,Universal Studios Home Entertainment,DVD,Hugh Grant,R (Restricted),Uni,,COMEDY,Romance,4/27/04
364,B00005JMQW,Love Actually (Widescreen Edition),7.88,Universal Studios Home Entertainment,DVD,Hugh Grant,R (Restricted),Uni,,COMEDY,Romance,4/27/04
365,B00005JMQY,Love Actually (Widescreen Edition),7.88,Universal Studios Home Entertainment,DVD,Hugh Grant,R (Restricted),Uni,,COMEDY,Romance,4/27/04
366,B00005JMUA,Love Actually (Widescreen Edition),7.88,Universal Studios Home Entertainment,DVD,Hugh Grant,R (Restricted),Uni,,COMEDY,Romance,4/27/04
367,B00005JMUK,Love Actually (Widescreen Edition),7.88,Universal Studios Home Entertainment,DVD,Hugh Grant,R (Restricted),Uni,,COMEDY,Romance,4/27/04
368,B00005JMXX,Love Actually (Widescreen Edition),7.88,Universal Studios Home Entertainment,DVD,Hugh Grant,R (Restricted),Uni,,COMEDY,Romance,4/27/04
369,B00005JMYC,Love Actually (Widescreen Edition),7.88,Universal Studios Home Entertainment,DVD,Hugh Grant,R (Restricted),Uni,,COMEDY,Romance,4/27/04
370,B00005JMYI,Love Actually (Widescreen Edition),7.88,Universal Studios Home Entertainment,DVD,Hugh Grant,R (Restricted),Uni,,COMEDY,Romance,4/27/04
371,B00005JMZK,Love Actually (Widescreen Edition),7.88,Universal Studios Home Entertainment,DVD,Hugh Grant,R (Restricted),Uni,,COMEDY,Romance,4/27/04
372,B00005JN0T,Love Actually (Widescreen Edition),7.88,Universal Studios Home Entertainment,DVD,Hugh Grant,R (Restricted),Uni,,COMEDY,Romance,4/27/04
373,B00005JN0W,Love Actually (Widescreen Edition),7.88,Universal Studios Home Entertainment,DVD,Hugh Grant,R (Restricted),Uni,,COMEDY,Romance,4/27/04
374,B00005JN2Z,Love Actually (Widescreen Edition),7.88,Universal Studios Home Entertainment,DVD,Hugh Grant,R (Restricted),Uni,,COMEDY,Romance,4/27/04
375,B00005JN5E,Love Actually (Widescreen Edition),7.88,Universal Studios Home Entertainment,DVD,Hugh Grant,R (Restricted),Uni,,COMEDY,Romance,4/27/04
376,B00005JNBQ,Love Actually (Widescreen Edition),7.88,Universal Studios Home Entertainment,DVD,Hugh Grant,R (Restricted),Uni,,COMEDY,Romance,4/27/04
377,B00005JND5,Love Actually (Widescreen Edition),7.88,Universal Studios Home Entertainment,DVD,Hugh Grant,R (Restricted),Uni,,COMEDY,Romance,4/27/04
378,B00005JNEI,Love Actually (Widescreen Edition),7.88,Universal Studios Home Entertainment,DVD,Hugh Grant,R (Restricted),Uni,,COMEDY,Romance,4/27/04
379,B00005JNJV,Love Actually (Widescreen Edition),7.88,Universal Studios Home Entertainment,DVD,Hugh Grant,R (Restricted),Uni,,COMEDY,Romance,4/27/04
380,B00005JNOG,Love Actually (Widescreen Edition),7.88,Universal Studios Home Entertainment,DVD,Hugh Grant,R (Restricted),Uni,,COMEDY,Romance,4/27/04
381,B00005JNP1,Love Actually (Widescreen Edition),7.88,Universal Studios Home Entertainment,DVD,Hugh Grant,R (Restricted),Uni,,COMEDY,Romance,4/27/04
382,B00005JNS0,Cars (Single-Disc Widescreen Edition),18.98,Disney-Pixar,DVD,Owen Wilson,G (General Audience),Buena Vista Home Video,John Lasseter,Run Time: 116 Minutes,,11/7/06
383,B00005JNTI,Cars (Single-Disc Widescreen Edition),18.98,Disney-Pixar,DVD,Owen Wilson,G (General Audience),Buena Vista Home Video,John Lasseter,Run Time: 116 Minutes,,11/7/06
384,B00005JNTU,Fantastic Four (Widescreen Edition),3.99,20th Century Fox,DVD,Ioan Gruffudd,PG-13 (Parental Guidance Suggested),"ALBA,JESSICA",Tim Story,"Artist: ALBA,JESSICA",Hero,12/6/05
385,B00005JNZU,Fantastic Four (Widescreen Edition),3.99,20th Century Fox,DVD,Ioan Gruffudd,PG-13 (Parental Guidance Suggested),"ALBA,JESSICA",Tim Story,"Artist: ALBA,JESSICA",Hero,12/6/05
386,B00005JO16,Fantastic Four (Widescreen Edition),3.99,20th Century Fox,DVD,Ioan Gruffudd,PG-13 (Parental Guidance Suggested),"ALBA,JESSICA",Tim Story,"Artist: ALBA,JESSICA",Hero,12/6/05
387,B00005JO1R,Fantastic Four (Widescreen Edition),3.99,20th Century Fox,DVD,Ioan Gruffudd,PG-13 (Parental Guidance Suggested),"ALBA,JESSICA",Tim Story,"Artist: ALBA,JESSICA",Hero,12/6/05
388,B00005JO20,Fantastic Four (Widescreen Edition),3.99,20th Century Fox,DVD,Ioan Gruffudd,PG-13 (Parental Guidance Suggested),"ALBA,JESSICA",Tim Story,"Artist: ALBA,JESSICA",Hero,12/6/05
389,B00005JO28,Fantastic Four (Widescreen Edition),3.99,20th Century Fox,DVD,Ioan Gruffudd,PG-13 (Parental Guidance Suggested),"ALBA,JESSICA",Tim Story,"Artist: ALBA,JESSICA",Hero,12/6/05
390,B00005JOC9,Fantastic Four (Widescreen Edition),3.99,20th Century Fox,DVD,Ioan Gruffudd,PG-13 (Parental Guidance Suggested),"ALBA,JESSICA",Tim Story,"Artist: ALBA,JESSICA",Hero,12/6/05
391,B00005JOHI,Pride & Prejudice,,,DVD,,,,,,,
392,B00005JOIH,Pride & Prejudice,,,DVD,,,,,,,
393,B00005JOKM,Pride & Prejudice,,,DVD,,,,,,,
394,B00005JOQB,Pride & Prejudice,,,DVD,,,,,,,
395,B00005JOZI,Pride & Prejudice,,,DVD,,,,,,,
396,B00005JP0F,Pride & Prejudice,,,DVD,,,,,,,
397,B00005JP9X,Pride & Prejudice,,,DVD,,,,,,,
398,B00005JPA6,Pride & Prejudice,,,DVD,,,,,,,
399,B00005JPAM,Pride & Prejudice,,,DVD,,,,,,,
400,B00005JPAR,Pride & Prejudice,,,DVD,,,,,,,
401,B00005JPAS,Pride & Prejudice,,,DVD,,,,,,,
402,B00005JPCF,Pride & Prejudice,,,DVD,,,,,,,
403,B00005JPFH,Pride & Prejudice,,,DVD,,,,,,,
404,B00005JPFX,Pride & Prejudice,,,DVD,,,,,,,
405,B00005JPGO,Pride & Prejudice,,,DVD,,,,,,,
406,B00005JPH2,Pride & Prejudice,,,DVD,,,,,,,
407,B00005JPI2,Pride & Prejudice,,,DVD,,,,,,,
408,B00005JPLW,300 (Two-Disc Special Edition),5,Warner Home Video,DVD,Gerard Butler,R (Restricted),"BUTLER,GERARD",Zack Snyder,"Artist: BUTLER,GERARD",Anime & Manga,7/31/07
409,B00005JPNO,300 (Two-Disc Special Edition),5,Warner Home Video,DVD,Gerard Butler,R (Restricted),"BUTLER,GERARD",Zack Snyder,"Artist: BUTLER,GERARD",Anime & Manga,7/31/07
410,B00005JPNY,300 (Two-Disc Special Edition),5,Warner Home Video,DVD,Gerard Butler,R (Restricted),"BUTLER,GERARD",Zack Snyder,"Artist: BUTLER,GERARD",Anime & Manga,7/31/07
411,B00005JPO1,300 (Two-Disc Special Edition),5,Warner Home Video,DVD,Gerard Butler,R (Restricted),"BUTLER,GERARD",Zack Snyder,"Artist: BUTLER,GERARD",Anime & Manga,7/31/07
412,B00005JPS8,300 (Two-Disc Special Edition),5,Warner Home Video,DVD,Gerard Butler,R (Restricted),"BUTLER,GERARD",Zack Snyder,"Artist: BUTLER,GERARD",Anime & Manga,7/31/07
413,B00005JPSE,300 (Two-Disc Special Edition),5,Warner Home Video,DVD,Gerard Butler,R (Restricted),"BUTLER,GERARD",Zack Snyder,"Artist: BUTLER,GERARD",Anime & Manga,7/31/07
414,B00005JPTK,300 (Two-Disc Special Edition),5,Warner Home Video,DVD,Gerard Butler,R (Restricted),"BUTLER,GERARD",Zack Snyder,"Artist: BUTLER,GERARD",Anime & Manga,7/31/07
415,B00005JPXP,300 (Two-Disc Special Edition),5,Warner Home Video,DVD,Gerard Butler,R (Restricted),"BUTLER,GERARD",Zack Snyder,"Artist: BUTLER,GERARD",Anime & Manga,7/31/07
416,B00005JPXY,300 (Two-Disc Special Edition),5,Warner Home Video,DVD,Gerard Butler,R (Restricted),"BUTLER,GERARD",Zack Snyder,"Artist: BUTLER,GERARD",Anime & Manga,7/31/07
417,B00005JPY0,300 (Two-Disc Special Edition),5,Warner Home Video,DVD,Gerard Butler,R (Restricted),"BUTLER,GERARD",Zack Snyder,"Artist: BUTLER,GERARD",Anime & Manga,7/31/07
418,B00005K3OT,300 (Two-Disc Special Edition),5,Warner Home Video,DVD,Gerard Butler,R (Restricted),"BUTLER,GERARD",Zack Snyder,"Artist: BUTLER,GERARD",Anime & Manga,7/31/07
419,B00005LOUP,Dr. Seuss' How the Grinch Stole Christmas (Widescreen Edition),13.99,Universal Studios Home Entertainment,DVD,Jim Carrey,PG (Parental Guidance Suggested),Universal Studios,Ron Howard,Universal Studios How the Grinch Stole Christmas (Widescreen),Kids & Family,11/20/01
420,B00005O5CM,Dr. Seuss' How the Grinch Stole Christmas (Widescreen Edition),13.99,Universal Studios Home Entertainment,DVD,Jim Carrey,PG (Parental Guidance Suggested),Universal Studios,Ron Howard,Universal Studios How the Grinch Stole Christmas (Widescreen),Kids & Family,11/20/01
421,B00005QCYC,Dr. Seuss' How the Grinch Stole Christmas (Widescreen Edition),13.99,Universal Studios Home Entertainment,DVD,Jim Carrey,PG (Parental Guidance Suggested),Universal Studios,Ron Howard,Universal Studios How the Grinch Stole Christmas (Widescreen),Kids & Family,11/20/01
422,B00005QZ7U,Dr. Seuss' How the Grinch Stole Christmas (Widescreen Edition),13.99,Universal Studios Home Entertainment,DVD,Jim Carrey,PG (Parental Guidance Suggested),Universal Studios,Ron Howard,Universal Studios How the Grinch Stole Christmas (Widescreen),Kids & Family,11/20/01
423,B00005R87Q,Dr. Seuss' How the Grinch Stole Christmas (Widescreen Edition),13.99,Universal Studios Home Entertainment,DVD,Jim Carrey,PG (Parental Guidance Suggested),Universal Studios,Ron Howard,Universal Studios How the Grinch Stole Christmas (Widescreen),Kids & Family,11/20/01
424,B00005RHGK,Jeepers Creepers,8.15,MGM (Video & DVD),DVD,Gina Philips,R (Restricted),TCFHE/MGM,Victor Salva,Factory sealed DVD,,1/8/02
425,B00005V3Z4,Jeepers Creepers,8.15,MGM (Video & DVD),DVD,Gina Philips,R (Restricted),TCFHE/MGM,Victor Salva,Factory sealed DVD,,1/8/02
426,B00005Y1NF,Jeepers Creepers,8.15,MGM (Video & DVD),DVD,Gina Philips,R (Restricted),TCFHE/MGM,Victor Salva,Factory sealed DVD,,1/8/02
427,B000062XH9,Jeepers Creepers,8.15,MGM (Video & DVD),DVD,Gina Philips,R (Restricted),TCFHE/MGM,Victor Salva,Factory sealed DVD,,1/8/02
428,B0000633ZP,Jeepers Creepers,8.15,MGM (Video & DVD),DVD,Gina Philips,R (Restricted),TCFHE/MGM,Victor Salva,Factory sealed DVD,,1/8/02
429,B000063W1R,Jeepers Creepers,8.15,MGM (Video & DVD),DVD,Gina Philips,R (Restricted),TCFHE/MGM,Victor Salva,Factory sealed DVD,,1/8/02
430,B0000640VJ,Jeepers Creepers,8.15,MGM (Video & DVD),DVD,Gina Philips,R (Restricted),TCFHE/MGM,Victor Salva,Factory sealed DVD,,1/8/02
431,B0000640VO,Jeepers Creepers,8.15,MGM (Video & DVD),DVD,Gina Philips,R (Restricted),TCFHE/MGM,Victor Salva,Factory sealed DVD,,1/8/02
432,B000068TPN,Jeepers Creepers,8.15,MGM (Video & DVD),DVD,Gina Philips,R (Restricted),TCFHE/MGM,Victor Salva,Factory sealed DVD,,1/8/02
433,B000069I1B,Jeepers Creepers,8.15,MGM (Video & DVD),DVD,Gina Philips,R (Restricted),TCFHE/MGM,Victor Salva,Factory sealed DVD,,1/8/02
434,B00006AL1D,Jeepers Creepers,8.15,MGM (Video & DVD),DVD,Gina Philips,R (Restricted),TCFHE/MGM,Victor Salva,Factory sealed DVD,,1/8/02
435,B00006C7G9,Jeepers Creepers,8.15,MGM (Video & DVD),DVD,Gina Philips,R (Restricted),TCFHE/MGM,Victor Salva,Factory sealed DVD,,1/8/02
436,B00006CXHU,Jeepers Creepers,8.15,MGM (Video & DVD),DVD,Gina Philips,R (Restricted),TCFHE/MGM,Victor Salva,Factory sealed DVD,,1/8/02
437,B00006FI0R,Jeepers Creepers,8.15,MGM (Video & DVD),DVD,Gina Philips,R (Restricted),TCFHE/MGM,Victor Salva,Factory sealed DVD,,1/8/02
438,B00006FMUW,Jeepers Creepers,8.15,MGM (Video & DVD),DVD,Gina Philips,R (Restricted),TCFHE/MGM,Victor Salva,Factory sealed DVD,,1/8/02
439,B00006RCNW,Jeepers Creepers,8.15,MGM (Video & DVD),DVD,Gina Philips,R (Restricted),TCFHE/MGM,Victor Salva,Factory sealed DVD,,1/8/02
440,B00007E2F5,Jeepers Creepers,8.15,MGM (Video & DVD),DVD,Gina Philips,R (Restricted),TCFHE/MGM,Victor Salva,Factory sealed DVD,,1/8/02
441,B000083C6V,Jeepers Creepers,8.15,MGM (Video & DVD),DVD,Gina Philips,R (Restricted),TCFHE/MGM,Victor Salva,Factory sealed DVD,,1/8/02
442,B00008DDVU,Jeepers Creepers,8.15,MGM (Video & DVD),DVD,Gina Philips,R (Restricted),TCFHE/MGM,Victor Salva,Factory sealed DVD,,1/8/02
443,B00008DDXB,Jeepers Creepers,8.15,MGM (Video & DVD),DVD,Gina Philips,R (Restricted),TCFHE/MGM,Victor Salva,Factory sealed DVD,,1/8/02
444,B00008EY63,Hellboy [VHS],4.81,Sony Pictures,Video,Ron Perlman,PG-13 (Parents Strongly Cautioned),,Guillermo del Toro,,,12/7/04
445,B00008W64E,Hellboy [VHS],4.81,Sony Pictures,Video,Ron Perlman,PG-13 (Parents Strongly Cautioned),,Guillermo del Toro,,,12/7/04
446,B00008YGRU,24: Season 2,14.23,Fox Network,DVD,Kiefer Sutherland,Unrated (Not Rated),20th Century Fox,,7-Disc DVD Set,,9/9/03
447,B00009MGEM,24: Season 2,14.23,Fox Network,DVD,Kiefer Sutherland,Unrated (Not Rated),20th Century Fox,,7-Disc DVD Set,,9/9/03
448,B00009OOFA,24: Season 2,14.23,Fox Network,DVD,Kiefer Sutherland,Unrated (Not Rated),20th Century Fox,,7-Disc DVD Set,,9/9/03